Date,Price,Returns
2014-10-01,45.900001525878906,
2014-10-02,45.7599983215332,-0.0030501786425163324
2014-10-03,46.09000015258789,0.007211578740364599
2014-10-06,46.09000015258789,0.0
2014-10-07,45.52999877929688,-0.012150170784053782
2014-10-08,46.77999877929688,0.027454426389494913
2014-10-09,45.84999847412109,-0.019880297764936605
2014-10-10,44.02999877929688,-0.03969465115361914
2014-10-13,43.650001525878906,-0.008630417078200114
2014-10-14,43.72999954223633,0.0018327150873063136
2014-10-15,43.220001220703125,-0.011662436013534005
2014-10-16,42.7400016784668,-0.011105958553430106
2014-10-17,43.630001068115234,0.02082356936585783
2014-10-20,44.08000183105469,0.01031402135968107
2014-10-21,44.880001068115234,0.018148802264725372
2014-10-22,44.380001068115234,-0.011140819699204996
2014-10-23,45.02000045776367,0.014420896220037394
2014-10-24,46.130001068115234,0.02465572188061005
2014-10-27,45.90999984741211,-0.004769157069349994
2014-10-28,46.4900016784668,0.0126334531252974
2014-10-29,46.619998931884766,0.002796241099689567
2014-10-30,46.04999923706055,-0.012226505960607814
2014-10-31,46.95000076293945,0.019544007400430052
2014-11-03,47.43999862670898,0.01043658904807332
2014-11-04,47.56999969482422,0.00274032613571884
2014-11-05,47.86000061035156,0.006096298452549664
2014-11-06,48.70000076293945,0.017551193938058818
2014-11-07,48.68000030517578,-0.0004106870113006478
2014-11-10,48.88999938964844,0.004313867772312463
2014-11-11,48.869998931884766,-0.0004090909800237297
2014-11-12,48.77999877929688,-0.0018416237887242115
2014-11-13,49.61000061035156,0.017015208114497637
2014-11-14,49.58000183105469,-0.0006046921775407776
2014-11-17,49.459999084472656,-0.0024203860861269355
2014-11-18,48.7400016784668,-0.014557165777059122
2014-11-19,48.220001220703125,-0.010668864174319559
2014-11-20,48.70000076293945,0.009954366032455475
2014-11-21,47.97999954223633,-0.014784419084671652
2014-11-24,47.59000015258789,-0.008128374184437459
2014-11-25,47.470001220703125,-0.0025215156860687316
2014-11-26,47.75,0.005898436319710099
2014-11-28,47.810001373291016,0.0012565732626390602
2014-12-01,48.619998931884766,0.01694201077865376
2014-12-02,48.459999084472656,-0.0032908237541564578
2014-12-03,48.08000183105469,-0.007841462249216669
2014-12-04,48.84000015258789,0.01580695284088618
2014-12-05,48.41999816894531,-0.008599549187763955
2014-12-08,47.70000076293945,-0.014869835465372572
2014-12-09,47.59000015258789,-0.0023060924233155866
2014-12-10,46.900001525878906,-0.01449881539181841
2014-12-11,47.16999816894531,0.005756857873819632
2014-12-12,46.95000076293945,-0.004663926532664009
2014-12-15,46.66999816894531,-0.00596384642053438
2014-12-16,45.15999984741211,-0.03235479710256284
2014-12-17,45.7400016784668,0.012843264681452915
2014-12-18,47.52000045776367,0.038915581853484094
2014-12-19,47.65999984741211,0.0029461150736491692
2014-12-22,47.97999954223633,0.006714219384152953
2014-12-23,48.45000076293945,0.009795773763803028
2014-12-24,48.13999938964844,-0.006398377056954452
2014-12-26,47.880001068115234,-0.005400879202942188
2014-12-29,47.45000076293945,-0.008980791469992866
2014-12-30,47.02000045776367,-0.009062176991820659
2014-12-31,46.45000076293945,-0.012122494455018784
2015-01-02,46.7599983215332,0.006673790172272431
2015-01-05,46.33000183105469,-0.009195819202596045
2015-01-06,45.650001525878906,-0.014677320921666404
2015-01-07,46.22999954223633,0.01270532304426375
2015-01-08,47.59000015258789,0.029418140251311176
2015-01-09,47.18999862670898,-0.008405159163613951
2015-01-12,46.59999847412109,-0.012502652463608155
2015-01-13,46.36000061035156,-0.005150168919057063
2015-01-14,45.959999084472656,-0.008628160496391146
2015-01-15,45.47999954223633,-0.010443854477762415
2015-01-16,46.2400016784668,0.016710689179419758
2015-01-20,46.38999938964844,0.0032438950202611228
2015-01-21,45.91999816894531,-0.010131520303662711
2015-01-22,47.130001068115234,0.026350238401974035
2015-01-23,47.18000030517578,0.0010608791836921316
2015-01-26,47.0099983215332,-0.0036032637249459043
2015-01-27,42.65999984741211,-0.09253347435514692
2015-01-28,41.18999862670898,-0.034458537880006745
2015-01-29,42.0099983215332,0.019907737852958185
2015-01-30,40.400001525878906,-0.0383241337771979
2015-02-02,41.27999877929688,0.021782109410423578
2015-02-03,41.59999847412109,0.007751930820906194
2015-02-04,41.84000015258789,0.0057692713286061625
2015-02-05,42.45000076293945,0.014579364438980225
2015-02-06,42.40999984741211,-0.0009423065914822004
2015-02-09,42.36000061035156,-0.0011789492393406986
2015-02-10,42.59999847412109,0.005665671867598476
2015-02-11,42.380001068115234,-0.005164258541922151
2015-02-12,43.09000015258789,0.016753163439791052
2015-02-13,43.869998931884766,0.018101619320835205
2015-02-17,43.58000183105469,-0.006610374011641662
2015-02-18,43.52999877929688,-0.0011473852605984325
2015-02-19,43.5,-0.000689151852472647
2015-02-20,43.86000061035156,0.008275876100035884
2015-02-23,44.150001525878906,0.006611967886268166
2015-02-24,44.09000015258789,-0.0013590344556578815
2015-02-25,43.9900016784668,-0.0022680533856886953
2015-02-26,44.060001373291016,0.0015912637452450973
2015-02-27,43.84999847412109,-0.004766293523023601
2015-03-02,43.880001068115234,0.0006842096930026464
2015-03-03,43.27999877929688,-0.013673707251897427
2015-03-04,43.060001373291016,-0.0050831195057958745
2015-03-05,43.11000061035156,0.001161152704736379
2015-03-06,42.36000061035156,-0.01739735535563669
2015-03-09,42.84999847412109,0.011567465927981635
2015-03-10,42.02999877929688,-0.019136516313283836
2015-03-11,41.97999954223633,-0.0011896083395839252
2015-03-12,41.02000045776367,-0.02286801083708434
2015-03-13,41.380001068115234,0.008776221509851911
2015-03-16,41.560001373291016,0.0043499347638846775
2015-03-17,41.70000076293945,0.0033686088792674873
2015-03-18,42.5,0.01918463363126688
2015-03-19,42.290000915527344,-0.004941154928768343
2015-03-20,42.880001068115234,0.013951292026840978
2015-03-23,42.86000061035156,-0.00046642857428802476
2015-03-24,42.900001525878906,0.0009332924628489003
2015-03-25,41.459999084472656,-0.033566489281768086
2015-03-26,41.209999084472656,-0.006029908478546675
2015-03-27,40.970001220703125,-0.005823777459387447
2015-03-30,40.959999084472656,-0.00024413316896398918
2015-03-31,40.65999984741211,-0.00732420028725711
2015-04-01,40.720001220703125,0.0014756855267139546
2015-04-02,40.290000915527344,-0.010559928592466683
2015-04-06,41.54999923706055,0.031273226430918566
2015-04-07,41.52999877929688,-0.00048135879978128404
2015-04-08,41.41999816894531,-0.0026487024701383755
2015-04-09,41.47999954223633,0.0014486087866609765
2015-04-10,41.720001220703125,0.005785961454083832
2015-04-13,41.7599983215332,0.0009587032516726879
2015-04-14,41.650001525878906,-0.0026340229903116796
2015-04-15,42.2599983215332,0.014645780871707315
2015-04-16,42.15999984741211,-0.0023662678204636745
2015-04-17,41.619998931884766,-0.012808370908011013
2015-04-20,42.90999984741211,0.03099473687249632
2015-04-21,42.63999938964844,-0.006292250261565879
2015-04-22,42.9900016784668,0.008208308954697818
2015-04-23,43.34000015258789,0.008141392427449157
2015-04-24,47.869998931884766,0.10452235263839471
2015-04-27,48.02999877929688,0.0033423825147727015
2015-04-28,49.15999984741211,0.02352698515166951
2015-04-29,49.060001373291016,-0.0020341430925849835
2015-04-30,48.63999938964844,-0.008560985974028767
2015-05-01,48.65999984741211,0.00041119362694574946
2015-05-04,48.2400016784668,-0.008631281756316111
2015-05-05,47.59999847412109,-0.013267064305086729
2015-05-06,46.27999877929688,-0.027731086914674075
2015-05-07,46.70000076293945,0.009075237569592609
2015-05-08,47.75,0.0224839233384726
2015-05-11,47.369998931884766,-0.007958137552151467
2015-05-12,47.34999847412109,-0.00042221782171536493
2015-05-13,47.630001068115234,0.00591346574482321
2015-05-14,48.720001220703125,0.022884739201015192
2015-05-15,48.29999923706055,-0.00862073015433551
2015-05-18,48.0099983215332,-0.0060041598366077364
2015-05-19,47.58000183105469,-0.008956394615945107
2015-05-20,47.58000183105469,0.0
2015-05-21,47.41999816894531,-0.0033628342991139926
2015-05-22,46.900001525878906,-0.010965766831407153
2015-05-26,46.59000015258789,-0.0066098371685544555
2015-05-27,47.61000061035156,0.02189311986312603
2015-05-28,47.45000076293945,-0.0033606352732816758
2015-05-29,46.86000061035156,-0.012434144217099874
2015-06-01,47.22999954223633,0.007895837111940418
2015-06-02,46.91999816894531,-0.006563653955020454
2015-06-03,46.84999847412109,-0.0014918946623181384
2015-06-04,46.36000061035156,-0.010458866162827873
2015-06-05,46.13999938964844,-0.004745496501438851
2015-06-08,45.72999954223633,-0.008885995943556324
2015-06-09,45.650001525878906,-0.001749355284456855
2015-06-10,46.61000061035156,0.021029552078512648
2015-06-11,46.43999862670898,-0.003647328500674396
2015-06-12,45.970001220703125,-0.010120530144364426
2015-06-15,45.47999954223633,-0.01065916174581516
2015-06-16,45.83000183105469,0.007695740816648922
2015-06-17,45.970001220703125,0.0030547541796861477
2015-06-18,46.720001220703125,0.016314987602441766
2015-06-19,46.09999847412109,-0.013270606386613149
2015-06-22,46.22999954223633,0.0028199798789194652
2015-06-23,45.90999984741211,-0.006921905645529192
2015-06-24,45.63999938964844,-0.005881081652386322
2015-06-25,45.650001525878906,0.00021915285635909498
2015-06-26,45.2599983215332,-0.008543333873156866
2015-06-29,44.369998931884766,-0.01966414985978926
2015-06-30,44.150001525878906,-0.004958246817711065
2015-07-01,44.45000076293945,0.006794999472077068
2015-07-02,44.400001525878906,-0.0011248422092769994
2015-07-06,44.38999938964844,-0.00022527333078214973
2015-07-07,44.29999923706055,-0.0020274871328085364
2015-07-08,44.2400016784668,-0.0013543467184432556
2015-07-09,44.52000045776367,0.006329086091177993
2015-07-10,44.61000061035156,0.002021566748932946
2015-07-13,45.540000915527344,0.02084735020066275
2015-07-14,45.619998931884766,0.0017566538153086508
2015-07-15,45.7599983215332,0.0030688161535792347
2015-07-16,46.65999984741211,0.01966786623450112
2015-07-17,46.619998931884766,-0.0008572849476672362
2015-07-20,46.91999816894531,0.0064349902173714835
2015-07-21,47.27999877929688,0.0076726475788706505
2015-07-22,45.540000915527344,-0.036801986224488936
2015-07-23,46.11000061035156,0.012516462085310875
2015-07-24,45.93999862670898,-0.003686878798358162
2015-07-27,45.34999847412109,-0.012842842190353698
2015-07-28,45.34000015258789,-0.00022047016250514861
2015-07-29,46.290000915527344,0.020952817815225178
2015-07-30,46.880001068115234,0.012745736464005564
2015-07-31,46.70000076293945,-0.003839596865926831
2015-08-03,46.810001373291016,0.002355473416584042
2015-08-04,47.540000915527344,0.015594948105531525
2015-08-05,47.58000183105469,0.000841415960391334
2015-08-06,46.619998931884766,-0.02017660492277118
2015-08-07,46.7400016784668,0.0025740615472207296
2015-08-10,47.33000183105469,0.012623023778360443
2015-08-11,46.40999984741211,-0.019438029749640484
2015-08-12,46.7400016784668,0.007110575999561997
2015-08-13,46.72999954223633,-0.00021399520477716205
2015-08-14,47.0,0.005777882739323337
2015-08-17,47.31999969482422,0.006808504145196181
2015-08-18,47.27000045776367,-0.0010566195558537883
2015-08-19,46.61000061035156,-0.013962340618164926
2015-08-20,45.65999984741211,-0.020381908399470627
2015-08-21,43.06999969482422,-0.056723612817416225
2015-08-24,41.68000030517578,-0.032273029939572484
2015-08-25,40.470001220703125,-0.029030687994558435
2015-08-26,42.709999084472656,0.05534958725485839
2015-08-27,43.900001525878906,0.027862385083470498
2015-08-28,43.93000030517578,0.0006833434682045336
2015-08-31,43.52000045776367,-0.009333026281900692
2015-09-01,41.81999969482422,-0.03906251711990005
2015-09-02,43.36000061035156,0.03682450805273296
2015-09-03,43.5,0.003228768165999929
2015-09-04,42.61000061035156,-0.02045975608387207
2015-09-08,43.88999938964844,0.030039867659281683
2015-09-09,43.06999969482422,-0.01868306462126812
2015-09-10,43.290000915527344,0.005107992158392305
2015-09-11,43.47999954223633,0.004388972573129202
2015-09-14,43.040000915527344,-0.010119563738301585
2015-09-15,43.97999954223633,0.021840116326992565
2015-09-16,44.29999923706055,0.007276027697929122
2015-09-17,44.25,-0.0011286509688858137
2015-09-18,43.47999954223633,-0.017401140288444528
2015-09-21,44.11000061035156,0.014489445141397717
2015-09-22,43.900001525878906,-0.0047608043882768625
2015-09-23,43.869998931884766,-0.0006834303633554972
2015-09-24,43.90999984741211,0.0009118057100809818
2015-09-25,43.93999862670898,0.0006831878706698991
2015-09-28,43.290000915527344,-0.014792847780985885
2015-09-29,43.43999862670898,0.0034649505199670916
2015-09-30,44.2599983215332,0.01887660498957877
2015-10-01,44.61000061035156,0.0079078694552972
2015-10-02,45.56999969482422,0.02151981778386025
2015-10-05,46.630001068115234,0.023260947561766443
2015-10-06,46.75,0.002573427603175027
2015-10-07,46.79999923706055,0.0010695023970170858
2015-10-08,47.45000076293945,0.013888921719557912
2015-10-09,47.11000061035156,-0.007165440402973511
2015-10-12,47.0,-0.0023349736558354595
2015-10-13,46.88999938964844,-0.0023404385181183818
2015-10-14,46.68000030517578,-0.004478547391899013
2015-10-15,47.0099983215332,0.007069366199657701
2015-10-16,47.5099983215332,0.010636035265948252
2015-10-19,47.619998931884766,0.0023153149702745957
2015-10-20,47.77000045776367,0.003149969114729867
2015-10-21,47.20000076293945,-0.01193216850245149
2015-10-22,48.02999877929688,0.017584703452147465
2015-10-23,52.869998931884766,0.10077035760146935
2015-10-26,54.25,0.0261017797615839
2015-10-27,53.68999862670898,-0.010322605959281472
2015-10-28,53.97999954223633,0.005401395472993897
2015-10-29,53.36000061035156,-0.01148571576773827
2015-10-30,52.63999938964844,-0.013493276095717488
2015-11-02,53.2400016784668,0.011398219904545703
2015-11-03,54.150001525878906,0.017092408315609875
2015-11-04,54.400001525878906,0.004616805040726035
2015-11-05,54.380001068115234,-0.0003676554632844331
2015-11-06,54.91999816894531,0.009930067859941438
2015-11-09,54.15999984741211,-0.013838280168824713
2015-11-10,53.5099983215332,-0.012001505312226546
2015-11-11,53.650001525878906,0.0026163933608154277
2015-11-12,53.31999969482422,-0.006151012519459265
2015-11-13,52.84000015258789,-0.009002242028949614
2015-11-16,53.77000045776367,0.017600308525552277
2015-11-17,52.970001220703125,-0.01487817054584084
2015-11-18,53.84999847412109,0.016613125035647824
2015-11-19,53.93999862670898,0.0016713120731310926
2015-11-20,54.18999862670898,0.0046347795025010186
2015-11-23,54.18999862670898,0.0
2015-11-24,54.25,0.0011072407235945825
2015-11-25,53.68999862670898,-0.010322605959281472
2015-11-27,53.93000030517578,0.004470137541545904
2015-11-30,54.34999847412109,0.007787839172420652
2015-12-01,55.220001220703125,0.016007410690108692
2015-12-02,55.209999084472656,-0.00018113248839835006
2015-12-03,54.20000076293945,-0.018293757259221888
2015-12-04,55.90999984741211,0.03154979816239978
2015-12-07,55.810001373291016,-0.001788561516616105
2015-12-08,55.790000915527344,-0.0003583669104377796
2015-12-09,54.97999954223633,-0.014518755332473487
2015-12-10,55.27000045776367,0.005274662021496734
2015-12-11,54.060001373291016,-0.021892510845866853
2015-12-14,55.13999938964844,0.019977765240883016
2015-12-15,55.20000076293945,0.0010881641994047175
2015-12-16,56.130001068115234,0.01684783138264323
2015-12-17,55.70000076293945,-0.007660792748853895
2015-12-18,54.130001068115234,-0.028186708677189753
2015-12-21,54.83000183105469,0.012931844617157795
2015-12-22,55.34999847412109,0.009483797660059246
2015-12-23,55.81999969482422,0.00849144053586337
2015-12-24,55.66999816894531,-0.0026872362360979007
2015-12-28,55.95000076293945,0.0050296857051153054
2015-12-29,56.54999923706055,0.010723833171393249
2015-12-30,56.310001373291016,-0.004243994111537419
2015-12-31,55.47999954223633,-0.014739865224872362
2016-01-04,54.79999923706055,-0.012256674671709433
2016-01-05,55.04999923706055,0.004562043859134279
2016-01-06,54.04999923706055,-0.018165304520599945
2016-01-07,52.16999816894531,-0.03478262894823814
2016-01-08,52.33000183105469,0.003066966987256281
2016-01-11,52.29999923706055,-0.0005733344724695444
2016-01-12,52.77999877929688,0.009177811648918732
2016-01-13,51.63999938964844,-0.02159907950008544
2016-01-14,53.11000061035156,0.02846632916494185
2016-01-15,50.9900016784668,-0.03991713250840301
2016-01-19,50.560001373291016,-0.00843303179096333
2016-01-20,50.790000915527344,0.004549041455482072
2016-01-21,50.47999954223633,-0.006103590622228983
2016-01-22,52.290000915527344,0.03585581199890053
2016-01-25,51.790000915527344,-0.009562057587410133
2016-01-26,52.16999816894531,0.007337270644921734
2016-01-27,51.220001220703125,-0.01820964120347013
2016-01-28,52.060001373291016,0.016399846399229645
2016-01-29,55.09000015258789,0.05820204954607222
2016-02-01,54.709999084472656,-0.006897822963563449
2016-02-02,53.0,-0.03125569572451292
2016-02-03,52.15999984741211,-0.015849059482790362
2016-02-04,52.0,-0.0030674817461688875
2016-02-05,50.15999984741211,-0.03538461831899786
2016-02-08,49.40999984741211,-0.014952153155532666
2016-02-09,49.27999877929688,-0.0026310679724083075
2016-02-10,49.709999084472656,0.00872565575948081
2016-02-11,49.68999862670898,-0.0004023427505941424
2016-02-12,50.5,0.016301094700687635
2016-02-16,51.09000015258789,0.011683171338374043
2016-02-17,52.41999816894531,0.026032452777161597
2016-02-18,52.18999862670898,-0.00438762972663731
2016-02-19,51.81999969482422,-0.007089460464086095
2016-02-22,52.650001525878906,0.016017017289515545
2016-02-23,51.18000030517578,-0.027920250296300186
2016-02-24,51.36000061035156,0.0035170047694896844
2016-02-25,52.09999847412109,0.014408057923978701
2016-02-26,51.29999923706055,-0.015355072178320883
2016-02-29,50.880001068115234,-0.008187098931609627
2016-03-01,52.58000183105469,0.033411963979002035
2016-03-02,52.95000076293945,0.007036875599084391
2016-03-03,52.34999847412109,-0.011331487821966468
2016-03-04,52.02999877929688,-0.006112697309483051
2016-03-07,51.02999877929688,-0.019219681404219147
2016-03-08,51.650001525878906,0.01214976996694661
2016-03-09,52.84000015258789,0.023039662953596274
2016-03-10,52.04999923706055,-0.014950812135617553
2016-03-11,53.06999969482422,0.019596550868677287
2016-03-14,53.16999816894531,0.0018842750084064885
2016-03-15,53.59000015258789,0.007899228852858764
2016-03-16,54.34999847412109,0.014181718965651013
2016-03-17,54.65999984741211,0.00570379727680459
2016-03-18,53.4900016784668,-0.02140501595703359
2016-03-21,53.86000061035156,0.006917160595897309
2016-03-22,54.06999969482422,0.0038989803582047955
2016-03-23,53.970001220703125,-0.0018494262009524087
2016-03-24,54.209999084472656,0.0044468752703579195
2016-03-28,53.540000915527344,-0.012359309726260759
2016-03-29,54.709999084472656,0.0218527857478239
2016-03-30,55.04999923706055,0.006214588891930495
2016-03-31,55.22999954223633,0.0032697603573190737
2016-04-01,55.56999969482422,0.006156077410934602
2016-04-04,55.43000030517578,-0.0025193340006708365
2016-04-05,54.560001373291016,-0.01569545241015502
2016-04-06,55.119998931884766,0.010263884613241459
2016-04-07,54.459999084472656,-0.011973872645166694
2016-04-08,54.41999816894531,-0.0007345008483253812
2016-04-11,54.310001373291016,-0.0020212568790027863
2016-04-12,54.650001525878906,0.006260359859889375
2016-04-13,55.34999847412109,0.012808726966104578
2016-04-14,55.36000061035156,0.00018070707328288194
2016-04-15,55.650001525878906,0.005238455786308549
2016-04-18,56.459999084472656,0.014555211794865297
2016-04-19,56.38999938964844,-0.001239810413731779
2016-04-20,55.59000015258789,-0.014186899197012659
2016-04-21,55.77999877929688,0.003417856200530034
2016-04-22,51.77999877929688,-0.07171029199600176
2016-04-25,52.11000061035156,0.006373152546048866
2016-04-26,51.43999862670898,-0.012857454918346112
2016-04-27,50.93999862670898,-0.009720062467894142
2016-04-28,49.900001525878906,-0.020416119530179522
2016-04-29,49.869998931884766,-0.0006012543702745843
2016-05-02,50.61000061035156,0.014838614283460005
2016-05-03,49.77999877929688,-0.016399956946155703
2016-05-04,49.869998931884766,0.0018079581115881815
2016-05-05,49.93999862670898,0.0014036433993074304
2016-05-06,50.38999938964844,0.009010828500479517
2016-05-09,50.06999969482422,-0.00635046038301712
2016-05-10,51.02000045776367,0.01897345254103633
2016-05-11,51.04999923706055,0.0005879807727895425
2016-05-12,51.5099983215332,0.009010755951955218
2016-05-13,51.08000183105469,-0.008347825752088256
2016-05-16,51.83000183105469,0.014682849904363637
2016-05-17,50.5099983215332,-0.025467942560067347
2016-05-18,50.810001373291016,0.005939478553296906
2016-05-19,50.31999969482422,-0.009643803684767693
2016-05-20,50.619998931884766,0.0059618290715410804
2016-05-23,50.02999877929688,-0.011655475405714655
2016-05-24,51.59000015258789,0.031181319435421573
2016-05-25,52.119998931884766,0.01027328508876324
2016-05-26,51.88999938964844,-0.004412884630656144
2016-05-27,52.31999969482422,0.008286766433486692
2016-05-31,53.0,0.012996947804704506
2016-06-01,52.84999847412109,-0.0028302174694134763
2016-06-02,52.47999954223633,-0.007000926065606872
2016-06-03,51.790000915527344,-0.013147839800449423
2016-06-06,52.130001068115234,0.00656497676341905
2016-06-07,52.09999847412109,-0.0005755341143182102
2016-06-08,52.040000915527344,-0.0011515846516492179
2016-06-09,51.619998931884766,-0.008070752810407034
2016-06-10,51.47999954223633,-0.0027121153147091626
2016-06-13,50.13999938964844,-0.02602952922500512
2016-06-14,49.83000183105469,-0.006182639855750627
2016-06-15,49.68999862670898,-0.0028096166807374257
2016-06-16,50.38999938964844,0.014087357260726519
2016-06-17,50.130001068115234,-0.005159720672404222
2016-06-20,50.06999969482422,-0.0011969154600552923
2016-06-21,51.18999862670898,0.0223686626465176
2016-06-22,50.9900016784668,-0.003906953577018313
2016-06-23,51.90999984741211,0.018042716977078044
2016-06-24,49.83000183105469,-0.04006931270413239
2016-06-27,48.43000030517578,-0.028095554373558262
2016-06-28,49.43999862670898,0.020854807251059482
2016-06-29,50.540000915527344,0.02224923785139654
2016-06-30,51.16999816894531,0.012465319390693175
2016-07-01,51.15999984741211,-0.0001953942132300046
2016-07-05,51.16999816894531,0.00019543239959007863
2016-07-06,51.380001068115234,0.004104023972730353
2016-07-07,51.380001068115234,0.0
2016-07-08,52.29999923706055,0.017905763912415162
2016-07-11,52.59000015258789,0.005544950664585269
2016-07-12,53.209999084472656,0.011789293213269936
2016-07-13,53.5099983215332,0.005638023721524332
2016-07-14,53.7400016784668,0.004298324876624626
2016-07-15,53.70000076293945,-0.0007443415384814633
2016-07-18,53.959999084472656,0.004841681896448735
2016-07-19,53.09000015258789,-0.01612303459314024
2016-07-20,55.90999984741211,0.053117341998853984
2016-07-21,55.79999923706055,-0.0019674586058266996
2016-07-22,56.56999969482422,0.013799291546446213
2016-07-25,56.72999954223633,0.002828351569299059
2016-07-26,56.7599983215332,0.0005287992162690269
2016-07-27,56.18999862670898,-0.010042278218461154
2016-07-28,56.209999084472656,0.0003559433752000629
2016-07-29,56.68000030517578,0.00836152336520768
2016-08-01,56.58000183105469,-0.0017642638246768705
2016-08-02,56.58000183105469,0.0
2016-08-03,56.970001220703125,0.006892884005429201
2016-08-04,57.38999938964844,0.0073722689125146346
2016-08-05,57.959999084472656,0.009932038698140078
2016-08-08,58.060001373291016,0.0017253673291577343
2016-08-09,58.20000076293945,0.0024112880871001163
2016-08-10,58.02000045776367,-0.0030927887081816374
2016-08-11,58.29999923706055,0.004825901018403078
2016-08-12,57.93999862670898,-0.006174967668313824
2016-08-15,58.119998931884766,0.003106667404938701
2016-08-16,57.43999862670898,-0.011699936642681874
2016-08-17,57.560001373291016,0.0020891843567392154
2016-08-18,57.59999847412109,0.0006948766482939295
2016-08-19,57.619998931884766,0.0003472301787068588
2016-08-22,57.66999816894531,0.0008677410272022179
2016-08-23,57.88999938964844,0.003814829680740095
2016-08-24,57.95000076293945,0.0010364721700402146
2016-08-25,58.16999816894531,0.0037963313737616744
2016-08-26,58.02999877929688,-0.0024067284520419285
2016-08-29,58.09999847412109,0.0012062673840547156
2016-08-30,57.88999938964844,-0.003614442168465626
2016-08-31,57.459999084472656,-0.007427885812910762
2016-09-01,57.59000015258789,0.002262462063810977
2016-09-02,57.66999816894531,0.0013890956094020357
2016-09-06,57.61000061035156,-0.0010403599878395786
2016-09-07,57.65999984741211,0.0008678916252531366
2016-09-08,57.43000030517578,-0.003988892522458931
2016-09-09,56.209999084472656,-0.02124327379801827
2016-09-12,57.04999923706055,0.01494396310744528
2016-09-13,56.52999877929688,-0.009114819714596378
2016-09-14,56.2599983215332,-0.0047762332141171315
2016-09-15,57.18999862670898,0.016530400514068733
2016-09-16,57.25,0.0010491585020426797
2016-09-19,56.93000030517578,-0.005589514320073707
2016-09-20,56.810001373291016,-0.0021078329745566338
2016-09-21,57.7599983215332,0.016722353903846576
2016-09-22,57.81999969482422,0.0010388049694358692
2016-09-23,57.43000030517578,-0.0067450603892574845
2016-09-26,56.900001525878906,-0.009228604849042754
2016-09-27,57.95000076293945,0.018453413161737764
2016-09-28,58.02999877929688,0.0013804661829890374
2016-09-29,57.400001525878906,-0.010856406456495327
2016-09-30,57.59999847412109,0.0034842672983554923
2016-10-03,57.41999816894531,-0.0031250053809749323
2016-10-04,57.2400016784668,-0.0031347352180144394
2016-10-05,57.63999938964844,0.006988080004409092
2016-10-06,57.7400016784668,0.0017349460422846352
2016-10-07,57.79999923706055,0.0010390986638320054
2016-10-10,58.040000915527344,0.004152278228974682
2016-10-11,57.18999862670898,-0.014645111568062807
2016-10-12,57.11000061035156,-0.0013988113005488634
2016-10-13,56.91999816894531,-0.003326955688594646
2016-10-14,57.41999816894531,0.008784258891153529
2016-10-17,57.220001220703125,-0.0034830538944592426
2016-10-18,57.65999984741211,0.00768959485009213
2016-10-19,57.52999877929688,-0.0022546144373786214
2016-10-20,57.25,-0.004867004784252615
2016-10-21,59.65999984741211,0.04209606720370496
2016-10-24,61.0,0.02246061273910671
2016-10-25,60.9900016784668,-0.00016390691038037364
2016-10-26,60.630001068115234,-0.005902616829713381
2016-10-27,60.09999847412109,-0.008741589718903597
2016-10-28,59.869998931884766,-0.003826947555337412
2016-10-31,59.91999816894531,0.0008351300810516271
2016-11-01,59.79999923706055,-0.002002652462478882
2016-11-02,59.43000030517578,-0.006187273187379216
2016-11-03,59.209999084472656,-0.0037018546117013607
2016-11-04,58.709999084472656,-0.00844451963741244
2016-11-07,60.41999816894531,0.029126198452367413
2016-11-08,60.470001220703125,0.0008275910836341716
2016-11-09,60.16999816894531,-0.0049611881214102205
2016-11-10,58.70000076293945,-0.02443073709057464
2016-11-11,59.02000045776367,0.0054514427711260804
2016-11-14,58.119998931884766,-0.015249093847821471
2016-11-15,58.869998931884766,0.012904336094000657
2016-11-16,59.650001525878906,0.0132495771725194
2016-11-17,60.63999938964844,0.01659677851542085
2016-11-18,60.34999847412109,-0.004782337045617702
2016-11-21,60.86000061035156,0.008450739836375787
2016-11-22,61.119998931884766,0.004272072279423833
2016-11-23,60.400001525878906,-0.01178006247690322
2016-11-25,60.52999877929688,0.0021522723532096943
2016-11-28,60.61000061035156,0.001321688958666245
2016-11-29,61.09000015258789,0.00791947760109979
2016-11-30,60.2599983215332,-0.013586541643174743
2016-12-01,59.20000076293945,-0.0175904013959286
2016-12-02,59.25,0.0008445816962192598
2016-12-05,60.220001220703125,0.016371328619462
2016-12-06,59.95000076293945,-0.004483567789614229
2016-12-07,61.369998931884766,0.02368637449331179
2016-12-08,61.0099983215332,-0.005866068382225809
2016-12-09,61.970001220703125,0.015735173341761888
2016-12-12,62.16999816894531,0.003227318772028198
2016-12-13,62.97999954223633,0.013028814494892904
2016-12-14,62.68000030517578,-0.004763404878390887
2016-12-15,62.58000183105469,-0.001595380881209696
2016-12-16,62.29999923706055,-0.00447431425058209
2016-12-19,63.619998931884766,0.021187796324064534
2016-12-20,63.540000915527344,-0.0012574350471629137
2016-12-21,63.540000915527344,0.0
2016-12-22,63.54999923706055,0.00015735475903588814
2016-12-23,63.2400016784668,-0.004878010421957124
2016-12-27,63.27999877929688,0.0006324652082307924
2016-12-28,62.9900016784668,-0.004582760847412715
2016-12-29,62.900001525878906,-0.0014288006062819214
2016-12-30,62.13999938964844,-0.012082704575416936
2017-01-03,62.58000183105469,0.007080824681815923
2017-01-04,62.29999923706055,-0.00447431425058209
2017-01-05,62.29999923706055,0.0
2017-01-06,62.84000015258789,0.008667751559234604
2017-01-09,62.63999938964844,-0.0031826983203979697
2017-01-10,62.619998931884766,-0.00031929211300374405
2017-01-11,63.18999862670898,0.009102518437348328
2017-01-12,62.61000061035156,-0.009178636318442068
2017-01-13,62.70000076293945,0.0014374724758110524
2017-01-17,62.52999877929688,-0.00271135536800593
2017-01-18,62.5,-0.00047975019802515284
2017-01-19,62.29999923706055,-0.0032000122070312553
2017-01-20,62.7400016784668,0.007062639595419196
2017-01-23,62.959999084472656,0.0035064934670119285
2017-01-24,63.52000045776367,0.008894558154927346
2017-01-25,63.68000030517578,0.002518889267302482
2017-01-26,64.2699966430664,0.009265017824484412
2017-01-27,65.77999877929688,0.02349466648670462
2017-01-30,65.12999725341797,-0.00988144630497445
2017-01-31,64.6500015258789,-0.007369810345168926
2017-02-01,63.58000183105469,-0.01655065227486352
2017-02-02,63.16999816894531,-0.00644862614503916
2017-02-03,63.68000030517578,0.00807348663944052
2017-02-06,63.63999938964844,-0.0006281550775070199
2017-02-07,63.43000030517578,-0.003299797084957423
2017-02-08,63.34000015258789,-0.0014188893607894881
2017-02-09,64.05999755859375,0.011367183521808766
2017-02-10,64.0,-0.0009365838414038263
2017-02-13,64.72000122070312,0.011250019073486328
2017-02-14,64.56999969482422,-0.002317699676293028
2017-02-15,64.52999877929688,-0.0006194969136812389
2017-02-16,64.5199966430664,-0.0001549997895502475
2017-02-17,64.62000274658203,0.001550001685041602
2017-02-21,64.48999786376953,-0.0020118365411145867
2017-02-22,64.36000061035156,-0.0020157738831466654
2017-02-23,64.62000274658203,0.004039809412131223
2017-02-24,64.62000274658203,0.0
2017-02-27,64.2300033569336,-0.00603527349229438
2017-02-28,63.97999954223633,-0.0038923213705589488
2017-03-01,64.94000244140625,0.015004734386347973
2017-03-02,64.01000213623047,-0.014320915771675491
2017-03-03,64.25,0.0037493806555224385
2017-03-06,64.2699966430664,0.0003112317986988522
2017-03-07,64.4000015258789,0.0020227927431597514
2017-03-08,64.98999786376953,0.009161433601108548
2017-03-09,64.7300033569336,-0.004000531087582582
2017-03-10,64.93000030517578,0.0030897101478486455
2017-03-13,64.70999908447266,-0.003388283068983533
2017-03-14,64.41000366210938,-0.0046359979386132455
2017-03-15,64.75,0.005278626277902765
2017-03-16,64.63999938964844,-0.0016988511251206928
2017-03-17,64.87000274658203,0.003558220283189417
2017-03-20,64.93000030517578,0.0009248891021036432
2017-03-21,64.20999908447266,-0.011088883679640671
2017-03-22,65.02999877929688,0.012770591909609719
2017-03-23,64.87000274658203,-0.0024603419301582052
2017-03-24,64.9800033569336,0.0016957084275344148
2017-03-27,65.0999984741211,0.0018466468296156613
2017-03-28,65.29000091552734,0.0029186243603642748
2017-03-29,65.47000122070312,0.0027569352527452295
2017-03-30,65.70999908447266,0.003665768432789207
2017-03-31,65.86000061035156,0.002282780824362396
2017-04-03,65.55000305175781,-0.004706917031899072
2017-04-04,65.7300033569336,0.0027459999511159072
2017-04-05,65.55999755859375,-0.00258642613201554
2017-04-06,65.7300033569336,0.0025931330791753027
2017-04-07,65.68000030517578,-0.0007607340514845795
2017-04-10,65.52999877929688,-0.0022838234650112144
2017-04-11,65.4800033569336,-0.000762939467337187
2017-04-12,65.2300033569336,-0.0038179594866121214
2017-04-13,64.94999694824219,-0.004292601476029834
2017-04-17,65.4800033569336,0.008160222226242242
2017-04-18,65.38999938964844,-0.0013745260029163209
2017-04-19,65.04000091552734,-0.005352477097231745
2017-04-20,65.5,0.007072556549777564
2017-04-21,66.4000015258789,0.013740481311128372
2017-04-24,67.52999877929688,0.01701803053389339
2017-04-25,67.91999816894531,0.00577520208349247
2017-04-26,67.83000183105469,-0.001325034456961638
2017-04-27,68.2699966430664,0.00648672858814936
2017-04-28,68.45999908447266,0.002783103130935105
2017-05-01,69.41000366210938,0.013876783382139823
2017-05-02,69.30000305175781,-0.00158479476369211
2017-05-03,69.08000183105469,-0.0031746206495664175
2017-05-04,68.80999755859375,-0.003908573614709421
2017-05-05,69.0,0.0027612621442756335
2017-05-08,68.94000244140625,-0.0008695298346920177
2017-05-09,69.04000091552734,0.0014505145137770903
2017-05-10,69.30999755859375,0.0039107276866459095
2017-05-11,68.45999908447266,-0.012263721022389484
2017-05-12,68.37999725341797,-0.0011685923477149363
2017-05-15,68.43000030517578,0.000731252614306177
2017-05-16,69.41000366210938,0.014321253142818957
2017-05-17,67.4800033569336,-0.02780579460233279
2017-05-18,67.70999908447266,0.003408353824799093
2017-05-19,67.69000244140625,-0.00029532777044438685
2017-05-22,68.44999694824219,0.011227573931524182
2017-05-23,68.68000030517578,0.003360166065566217
2017-05-24,68.7699966430664,0.001310371833004309
2017-05-25,69.62000274658203,0.012360130071364939
2017-05-26,69.95999908447266,0.004883601328316667
2017-05-30,70.41000366210938,0.0064323125146608096
2017-05-31,69.83999633789062,-0.00809554458985906
2017-06-01,70.0999984741211,0.0037228257426096256
2017-06-02,71.76000213623047,0.02368050924740328
2017-06-05,72.27999877929688,0.007246329815866481
2017-06-06,72.5199966430664,0.0033203910877523946
2017-06-07,72.38999938964844,-0.0017925711450015314
2017-06-08,71.94999694824219,-0.006078221371958903
2017-06-09,70.31999969482422,-0.022654584052178905
2017-06-12,69.77999877929688,-0.0076791939401429365
2017-06-13,70.6500015258789,0.012467795382652636
2017-06-14,70.2699966430664,-0.005378696031213881
2017-06-15,69.9000015258789,-0.005265335632031909
2017-06-16,70.0,0.001430593303836547
2017-06-19,70.87000274658203,0.01242861066545764
2017-06-20,69.91000366210938,-0.013545915722699142
2017-06-21,70.2699966430664,0.005149377229286989
2017-06-22,70.26000213623047,-0.00014223007419089662
2017-06-23,71.20999908447266,0.013521163099314837
2017-06-26,70.52999877929688,-0.009549225023428698
2017-06-27,69.20999908447266,-0.018715436235221983
2017-06-28,69.80000305175781,0.008524837091314463
2017-06-29,68.48999786376953,-0.01876798181537176
2017-06-30,68.93000030517578,0.006424331364142333
2017-07-03,68.16999816894531,-0.011025709166773368
2017-07-05,69.08000183105469,0.013349034568757245
2017-07-06,68.56999969482422,-0.007382775372209105
2017-07-07,69.45999908447266,0.012979428228225842
2017-07-10,69.9800033569336,0.007486384671968382
2017-07-11,69.98999786376953,0.00014281946779792776
2017-07-12,71.1500015258789,0.016573849085796954
2017-07-13,71.7699966430664,0.008713915725806265
2017-07-14,72.77999877929688,0.014072762762600055
2017-07-17,73.3499984741211,0.007831817867333557
2017-07-18,73.30000305175781,-0.0006816008643942828
2017-07-19,73.86000061035156,0.007639802664105355
2017-07-20,74.22000122070312,0.004874094332204759
2017-07-21,73.79000091552734,-0.005793590650815528
2017-07-24,73.5999984741211,-0.0025749076981820274
2017-07-25,74.19000244140625,0.008016358417352487
2017-07-26,74.05000305175781,-0.0018870384828334474
2017-07-27,73.16000366210938,-0.012018897406747775
2017-07-28,73.04000091552734,-0.001640278028637976
2017-07-31,72.69999694824219,-0.0046550378289066385
2017-08-01,72.58000183105469,-0.0016505518875458147
2017-08-02,72.26000213623047,-0.0044089237634504785
2017-08-03,72.1500015258789,-0.0015222890547965662
2017-08-04,72.68000030517578,0.0073457902714910706
2017-08-07,72.4000015258789,-0.0038524873159216932
2017-08-08,72.79000091552734,0.005386731787692556
2017-08-09,72.47000122070312,-0.004396204022521943
2017-08-10,71.41000366210938,-0.014626708165294322
2017-08-11,72.5,0.015263916566202074
2017-08-14,73.58999633789062,0.01503443224676726
2017-08-15,73.22000122070312,-0.005027790944419408
2017-08-16,73.6500015258789,0.005872716443689363
2017-08-17,72.4000015258789,-0.016972165296707864
2017-08-18,72.48999786376953,0.0012430433148327147
2017-08-21,72.1500015258789,-0.004690251730032902
2017-08-22,73.16000366210938,0.013998643310744852
2017-08-23,72.72000122070312,-0.006014248487990925
2017-08-24,72.69000244140625,-0.0004125244608540468
2017-08-25,72.81999969482422,0.0017883787185557498
2017-08-28,72.83000183105469,0.00013735424708039012
2017-08-29,73.05000305175781,0.003020749899381725
2017-08-30,74.01000213623047,0.013141670696337648
2017-08-31,74.7699966430664,0.010268808065118096
2017-09-01,73.94000244140625,-0.01110063178981191
2017-09-05,73.61000061035156,-0.004463102788185513
2017-09-06,73.4000015258789,-0.0028528607897215785
2017-09-07,74.33999633789062,0.012806468562269746
2017-09-08,73.9800033569336,-0.004842520832538
2017-09-11,74.76000213623047,0.010543373126567612
2017-09-12,74.68000030517578,-0.0010701154195916773
2017-09-13,75.20999908447266,0.007096930598969875
2017-09-14,74.7699966430664,-0.005850318398648802
2017-09-15,75.30999755859375,0.007222160489122054
2017-09-18,75.16000366210938,-0.0019916863809174012
2017-09-19,75.44000244140625,0.0037253694206249577
2017-09-20,74.94000244140625,-0.006627783454651204
2017-09-21,74.20999908447266,-0.009741170711922043
2017-09-22,74.41000366210938,0.0026951162930086703
2017-09-25,73.26000213623047,-0.01545493171994694
2017-09-26,73.26000213623047,0.0
2017-09-27,73.8499984741211,0.00805345783082978
2017-09-28,73.87000274658203,0.00027087708699080615
2017-09-29,74.48999786376953,0.008393056641874619
2017-10-02,74.61000061035156,0.0016109914085580268
2017-10-03,74.26000213623047,-0.004691039689825871
2017-10-04,74.69000244140625,0.005790469873498516
2017-10-05,75.97000122070312,0.017137484769812694
2017-10-06,76.0,0.0003948766462398279
2017-10-09,76.29000091552734,0.00381580152009664
2017-10-10,76.29000091552734,0.0
2017-10-11,76.41999816894531,0.001703988096184661
2017-10-12,77.12000274658203,0.009159965904332878
2017-10-13,77.48999786376953,0.004797654356980763
2017-10-16,77.6500015258789,0.002064829868632545
2017-10-17,77.58999633789062,-0.0007727648011479626
2017-10-18,77.61000061035156,0.0002578202526757334
2017-10-19,77.91000366210938,0.0038655205437247986
2017-10-20,78.80999755859375,0.01155171164395763
2017-10-23,78.83000183105469,0.00025382912169313876
2017-10-24,78.86000061035156,0.00038055028035088867
2017-10-25,78.62999725341797,-0.002916603539861007
2017-10-26,78.76000213623047,0.0016533751412137754
2017-10-27,83.80999755859375,0.0641187821913507
2017-10-30,83.88999938964844,0.0009545619065165489
2017-10-31,83.18000030517578,-0.008463453208229055
2017-11-01,83.18000030517578,0.0
2017-11-02,84.05000305175781,0.010459277992187044
2017-11-03,84.13999938964844,0.0010707475862339333
2017-11-06,84.47000122070312,0.003922056494515269
2017-11-07,84.2699966430664,-0.002367758668715414
2017-11-08,84.55999755859375,0.00344133056935636
2017-11-09,84.08999633789062,-0.0055581981347321285
2017-11-10,83.87000274658203,-0.002616168401585073
2017-11-13,83.93000030517578,0.0007153637370804766
2017-11-14,84.05000305175781,0.0014297956171296367
2017-11-15,82.9800033569336,-0.012730513455963988
2017-11-16,83.19999694824219,0.002651163923943267
2017-11-17,82.4000015258789,-0.009615329948400753
2017-11-20,82.52999877929688,0.0015776365413917581
2017-11-21,83.72000122070312,0.014419028947141754
2017-11-22,83.11000061035156,-0.007286199252953596
2017-11-24,83.26000213623047,0.0018048553095573183
2017-11-27,83.87000274658203,0.007326454416293204
2017-11-28,84.87999725341797,0.012042380753076731
2017-11-29,83.33999633789062,-0.01814327244768299
2017-11-30,84.16999816894531,0.009959225672263816
2017-12-01,84.26000213623047,0.0010693117410374153
2017-12-04,81.08000183105469,-0.03774033022256984
2017-12-05,81.58999633789062,0.006290015975808805
2017-12-06,82.77999877929688,0.014585151303084576
2017-12-07,82.48999786376953,-0.0035032727688306675
2017-12-08,84.16000366210938,0.020244948982758082
2017-12-11,85.2300033569336,0.012713874147630921
2017-12-12,85.58000183105469,0.004106517192723036
2017-12-13,85.3499984741211,-0.0026875829868250323
2017-12-14,84.69000244140625,-0.00773281833057049
2017-12-15,86.8499984741211,0.025504734566624387
2017-12-18,86.37999725341797,-0.005411643396207699
2017-12-19,85.83000183105469,-0.006367161841296709
2017-12-20,85.5199966430664,-0.0036118511170311063
2017-12-21,85.5,-0.0002338241797397167
2017-12-22,85.51000213623047,0.00011698404947924068
2017-12-26,85.4000015258789,-0.001286406357192127
2017-12-27,85.70999908447266,0.0036299479280432756
2017-12-28,85.72000122070312,0.00011669742547315565
2017-12-29,85.54000091552734,-0.002099863539576141
2018-01-02,85.94999694824219,0.004793032830566979
2018-01-03,86.3499984741211,0.004653886446555511
2018-01-04,87.11000061035156,0.008801414587844336
2018-01-05,88.19000244140625,0.012398138256083824
2018-01-08,88.27999877929688,0.0010204823154462694
2018-01-09,88.22000122070312,-0.0006796279952806517
2018-01-10,87.81999969482422,-0.004534136480889517
2018-01-11,88.08000183105469,0.0029606255651786206
2018-01-12,89.5999984741211,0.017257000584331328
2018-01-16,88.3499984741211,-0.013950893094725192
2018-01-17,90.13999938964844,0.020260338952373225
2018-01-18,90.0999984741211,-0.0004437643199267649
2018-01-19,90.0,-0.0011098609968325235
2018-01-22,91.61000061035156,0.017888895670572946
2018-01-23,91.9000015258789,0.0031656032485014585
2018-01-24,91.81999969482422,-0.0008705313354337996
2018-01-25,92.33000183105467,0.005554368742382021
2018-01-26,94.05999755859376,0.018737091879458934
2018-01-29,93.91999816894533,-0.001488405201809928
2018-01-30,92.73999786376952,-0.012563887650989924
2018-01-31,95.01000213623048,0.024477079197214202
2018-02-01,94.26000213623048,-0.007893905727152872
2018-02-02,91.77999877929688,-0.02631024083098732
2018-02-05,88.0,-0.041185430699194336
2018-02-06,91.33000183105467,0.03784092989834864
2018-02-07,89.61000061035156,-0.018832817105214006
2018-02-08,85.01000213623047,-0.05133353914506844
2018-02-09,88.18000030517578,0.0372897081435819
2018-02-12,89.12999725341797,0.010773383363057443
2018-02-13,89.83000183105469,0.007853748448420017
2018-02-14,90.80999755859376,0.010909447930126603
2018-02-15,92.66000366210938,0.020372273463854285
2018-02-16,92.0,-0.0071228538314774825
2018-02-20,92.72000122070312,0.007826100225033938
2018-02-21,91.48999786376952,-0.01326578236346021
2018-02-22,91.7300033569336,0.0026232976146907117
2018-02-23,94.05999755859376,0.025400568149919867
2018-02-26,95.41999816894533,0.014458862913582005
2018-02-27,94.1999969482422,-0.012785592581369132
2018-02-28,93.7699966430664,-0.004564759226181936
2018-03-01,92.8499984741211,-0.009811221092896782
2018-03-02,93.0500030517578,0.0021540611838830603
2018-03-05,93.63999938964844,0.006340637491032197
2018-03-06,93.31999969482422,-0.003417339779047346
2018-03-07,93.86000061035156,0.005786550763965392
2018-03-08,94.43000030517578,0.0060728712030431176
2018-03-09,96.54000091552734,0.02234460027038576
2018-03-12,96.7699966430664,0.002382387874020342
2018-03-13,94.41000366210938,-0.024387651780766295
2018-03-14,93.8499984741211,-0.005931629766613766
2018-03-15,94.18000030517578,0.003516268901652575
2018-03-16,94.5999984741211,0.004459526094546362
2018-03-19,92.88999938964844,-0.018076100550259988
2018-03-20,93.12999725341795,0.002583678171455217
2018-03-21,92.4800033569336,-0.006979425702286379
2018-03-22,89.79000091552734,-0.029087395585659537
2018-03-23,87.18000030517578,-0.02906783142598468
2018-03-26,93.77999877929688,0.0757054192592066
2018-03-27,89.47000122070312,-0.04595860113772188
2018-03-28,89.38999938964844,-0.0008941749185555903
2018-03-29,91.2699966430664,0.021031404701359335
2018-04-02,88.5199966430664,-0.03013038349014674
2018-04-03,89.70999908447266,0.013443317742143801
2018-04-04,92.33000183105467,0.029205247724001904
2018-04-05,92.37999725341795,0.000541486205694719
2018-04-06,90.2300033569336,-0.023273370430900386
2018-04-09,90.7699966430664,0.005984631120944384
2018-04-10,92.87999725341795,0.02324557329938748
2018-04-11,91.86000061035156,-0.01098187632675518
2018-04-12,93.58000183105467,0.01872415860303489
2018-04-13,93.08000183105467,-0.00534302190870517
2018-04-16,94.16999816894533,0.011710317108384327
2018-04-17,96.06999969482422,0.020176293541709578
2018-04-18,96.44000244140624,0.0038513869861285244
2018-04-19,96.11000061035156,-0.003421835573419574
2018-04-20,95.0,-0.01154927274271611
2018-04-23,95.3499984741211,0.0036841944644325775
2018-04-24,93.12000274658205,-0.02338747523047202
2018-04-25,92.30999755859376,-0.008698509064616777
2018-04-26,94.26000213623048,0.021124522036726878
2018-04-27,95.81999969482422,0.016549941897297415
2018-04-30,93.5199966430664,-0.024003371520382566
2018-05-01,95.0,0.015825528336814054
2018-05-02,93.51000213623048,-0.01568418803967908
2018-05-03,94.06999969482422,0.005988638068662455
2018-05-04,95.16000366210938,0.011587158188809177
2018-05-07,96.22000122070312,0.011139108005476128
2018-05-08,95.80999755859376,-0.004261106390644476
2018-05-09,96.94000244140624,0.011794227237313049
2018-05-10,97.91000366210938,0.010006201735856646
2018-05-11,97.6999969482422,-0.0021448953734279907
2018-05-14,98.02999877929688,0.0033777056434249886
2018-05-15,97.31999969482422,-0.007242671562927794
2018-05-16,97.1500015258789,-0.0017467958228358782
2018-05-17,96.18000030517578,-0.009984572367142341
2018-05-18,96.36000061035156,0.0018714941214872383
2018-05-21,97.5999984741211,0.012868387877908782
2018-05-22,97.5,-0.0010245745459473987
2018-05-23,98.66000366210938,0.011897473457532115
2018-05-24,98.30999755859376,-0.003547598728196988
2018-05-25,98.36000061035156,0.0005086263147142667
2018-05-29,98.01000213623048,-0.0035583415204274438
2018-05-30,98.9499969482422,0.009590804933410357
2018-05-31,98.83999633789062,-0.0011116787644683823
2018-06-01,100.79000091552734,0.019728901759268558
2018-06-04,101.66999816894533,0.008730997573415111
2018-06-05,102.19000244140624,0.005114628521944331
2018-06-06,102.48999786376952,0.0029356631294268354
2018-06-07,100.87999725341795,-0.015708855926522602
2018-06-08,101.62999725341795,0.007434575935960197
2018-06-11,101.0500030517578,-0.0057069193873332535
2018-06-12,101.30999755859376,0.0025729292328946496
2018-06-13,100.8499984741211,-0.0045405102710285306
2018-06-14,101.41999816894533,0.005651955413469745
2018-06-15,100.12999725341795,-0.012719393993465555
2018-06-18,100.86000061035156,0.007290556046716468
2018-06-19,100.86000061035156,0.0
2018-06-20,101.87000274658205,0.010013901746167786
2018-06-21,101.13999938964844,-0.007166028637003219
2018-06-22,100.41000366210938,-0.007217675815151092
2018-06-25,98.38999938964844,-0.020117559991915446
2018-06-26,99.08000183105467,0.007012932672899597
2018-06-27,97.54000091552734,-0.015543004512184488
2018-06-28,98.62999725341795,0.011174864954477393
2018-06-29,98.61000061035156,-0.00020274402943576408
2018-07-02,100.01000213623048,0.014197358454655085
2018-07-03,99.0500030517578,-0.009599030736595737
2018-07-05,99.76000213623048,0.007168087456813854
2018-07-06,101.16000366210938,0.014033695828986392
2018-07-09,101.8499984741211,0.006820826285420134
2018-07-10,102.12000274658205,0.00265099927841006
2018-07-11,101.9800033569336,-0.001370930139865667
2018-07-12,104.19000244140624,0.021670906174983795
2018-07-13,105.43000030517578,0.011901313319067075
2018-07-16,104.91000366210938,-0.004932150636073551
2018-07-17,105.9499969482422,0.009913194641403278
2018-07-18,105.12000274658205,-0.007833829406013293
2018-07-19,104.4000015258789,-0.006849326502006314
2018-07-20,106.2699966430664,0.01791183036260735
2018-07-23,107.97000122070312,0.015997032382965015
2018-07-24,107.66000366210938,-0.0028711452726584152
2018-07-25,110.83000183105467,0.029444529640685557
2018-07-26,109.62000274658205,-0.010917613141585125
2018-07-27,107.68000030517578,-0.017697522284241596
2018-07-30,105.37000274658205,-0.021452428975176185
2018-07-31,106.08000183105467,0.006738151902493605
2018-08-01,106.27999877929688,0.0018853407314294302
2018-08-02,107.56999969482422,0.012137758095069007
2018-08-03,108.04000091552734,0.004369259291963523
2018-08-06,108.12999725341795,0.0008329909027025018
2018-08-07,108.87999725341795,0.0069360956168551535
2018-08-08,109.48999786376952,0.00560250391016992
2018-08-09,109.66999816894533,0.001643988571447208
2018-08-10,109.0,-0.006109220207273114
2018-08-13,108.20999908447266,-0.007247714821351781
2018-08-14,109.55999755859376,0.012475727617992538
2018-08-15,107.66000366210938,-0.017342040332451236
2018-08-16,107.63999938964844,-0.00018580969515591406
2018-08-17,107.58000183105467,-0.0005573909228351326
2018-08-20,106.87000274658205,-0.006599731106043505
2018-08-21,105.9800033569336,-0.008327869063116666
2018-08-22,107.05999755859376,0.01019054696594801
2018-08-23,107.55999755859376,0.004670278455090937
2018-08-24,108.4000015258789,0.007809631706504616
2018-08-27,109.5999984741211,0.011070082392533154
2018-08-28,110.26000213623048,0.006021931307464756
2018-08-29,112.0199966430664,0.01596222086646959
2018-08-30,111.9499969482422,-0.0006248857072121972
2018-08-31,112.33000183105467,0.0033944161962609076
2018-09-04,111.70999908447266,-0.0055194759768143475
2018-09-05,108.48999786376952,-0.028824646379848606
2018-09-06,108.73999786376952,0.0023043598942080745
2018-09-07,108.20999908447266,-0.004874000273209944
2018-09-10,109.37999725341795,0.01081229256856342
2018-09-11,111.23999786376952,0.01700494292427357
2018-09-12,111.70999908447266,0.004225109940030114
2018-09-13,112.91000366210938,0.010742141146463435
2018-09-14,113.37000274658205,0.004074033031202795
2018-09-17,112.13999938964844,-0.010849460413995593
2018-09-18,113.20999908447266,0.009541641703656012
2018-09-19,111.6999969482422,-0.01333806331986409
2018-09-20,113.56999969482422,0.016741296308615983
2018-09-21,114.26000213623048,0.006075569633357203
2018-09-24,114.66999816894533,0.0035882725805134186
2018-09-25,114.4499969482422,-0.0019185595553860013
2018-09-26,113.9800033569336,-0.004106540881090193
2018-09-27,114.41000366210938,0.0037725942490913766
2018-09-28,114.37000274658205,-0.0003496277794506897
2018-10-01,115.61000061035156,0.010841985083423156
2018-10-02,115.1500015258789,-0.003978886619186328
2018-10-03,115.16999816894533,0.00017365734087215756
2018-10-04,112.79000091552734,-0.020665080240139577
2018-10-05,112.12999725341795,-0.005851615007997801
2018-10-08,110.8499984741211,-0.011415310894942965
2018-10-09,112.26000213623048,0.012719924957315776
2018-10-10,106.16000366210938,-0.05433812896884327
2018-10-11,105.91000366210938,-0.0023549358645060803
2018-10-12,109.56999969482422,0.03455760462809088
2018-10-15,107.5999984741211,-0.01797938510714614
2018-10-16,111.0,0.031598527640282814
2018-10-17,110.70999908447266,-0.0026126208606066514
2018-10-18,108.5,-0.019962054943080676
2018-10-19,108.66000366210938,0.0014746881300402581
2018-10-22,109.62999725341795,0.00892686875223081
2018-10-23,108.0999984741211,-0.013956023147206231
2018-10-24,102.31999969482422,-0.05346899963815077
2018-10-25,108.3000030517578,0.058444129933241884
2018-10-26,106.95999908447266,-0.012373074141509899
2018-10-29,103.8499984741211,-0.02907629615717755
2018-10-30,103.7300033569336,-0.0011554657578295435
2018-10-31,106.80999755859376,0.029692413978450904
2018-11-01,105.91999816894533,-0.008332547607822982
2018-11-02,106.16000366210938,0.0022659129278046475
2018-11-05,107.51000213623048,0.012716639294945153
2018-11-06,107.72000122070312,0.001953298114593549
2018-11-07,111.95999908447266,0.039361286815086105
2018-11-08,111.75,-0.0018756617201668435
2018-11-09,109.56999969482422,-0.019507832708508088
2018-11-12,106.87000274658205,-0.024641753726040383
2018-11-13,106.94000244140624,0.0006549985311610218
2018-11-14,104.97000122070312,-0.018421555785754773
2018-11-15,107.27999877929688,0.022006263996671827
2018-11-16,108.29000091552734,0.00941463597802894
2018-11-19,104.62000274658205,-0.03389046207329993
2018-11-20,101.70999908447266,-0.02781498361415846
2018-11-21,103.11000061035156,0.013764640040122122
2018-11-23,103.06999969482422,-0.00038794409165510135
2018-11-26,106.47000122070312,0.032987305093100217
2018-11-27,107.13999938964844,0.006292835176703537
2018-11-28,111.12000274658205,0.03714768881469821
2018-11-29,110.19000244140624,-0.008369332993059309
2018-11-30,110.88999938964844,0.006352635744920843
2018-12-03,112.08999633789062,0.010821507393336649
2018-12-04,108.5199966430664,-0.03184940504469824
2018-12-06,109.19000244140624,0.006174030769126704
2018-12-07,104.81999969482422,-0.040022004294093305
2018-12-10,107.58999633789062,0.02642622258281868
2018-12-11,108.58999633789062,0.009294544418976036
2018-12-12,109.08000183105467,0.004512436777687423
2018-12-13,109.4499969482422,0.0033919610467241235
2018-12-14,106.02999877929688,-0.031247128956637726
2018-12-17,102.88999938964844,-0.02961425469960055
2018-12-18,103.97000122070312,0.010496664762963848
2018-12-19,103.69000244140624,-0.0026930727710824387
2018-12-20,101.51000213623048,-0.02102420921831538
2018-12-21,98.2300033569336,-0.03231207477362674
2018-12-24,94.12999725341795,-0.04173883704979264
2018-12-26,100.55999755859376,0.06830978957605716
2018-12-27,101.18000030517578,0.006165500811799118
2018-12-28,100.38999938964844,-0.007807876192375662
2018-12-31,101.56999969482422,0.011754161892120196
2019-01-02,101.12000274658205,-0.0044304120271165814
2019-01-03,97.4000015258789,-0.03678798575615028
2019-01-04,101.93000030517578,0.046509226984901675
2019-01-07,102.05999755859376,0.0012753581185986906
2019-01-08,102.8000030517578,0.00725069087660124
2019-01-09,104.2699966430664,0.014299548129084183
2019-01-10,103.5999984741211,-0.006425608425392304
2019-01-11,102.8000030517578,-0.007721963650058616
2019-01-14,102.0500030517578,-0.007295719627774644
2019-01-15,105.01000213623048,0.0290053796761911
2019-01-16,105.37999725341795,0.0035234273846358466
2019-01-17,106.12000274658205,0.007022257662282261
2019-01-18,107.70999908447266,0.014983003173186571
2019-01-22,105.68000030517578,-0.018846892549918448
2019-01-23,106.70999908447266,0.009746392660129777
2019-01-24,106.1999969482422,-0.004779328465992494
2019-01-25,107.16999816894533,0.009133721738013412
2019-01-28,105.08000183105467,-0.019501692391521108
2019-01-29,102.94000244140624,-0.02036542969507249
2019-01-30,106.37999725341795,0.03341747358098002
2019-01-31,104.43000030517578,-0.01833048504031165
2019-02-01,102.77999877929688,-0.01580007202008149
2019-02-04,105.73999786376952,0.028799368745165532
2019-02-05,107.22000122070312,0.013996627452559363
2019-02-06,106.02999877929688,-0.011098698263924955
2019-02-07,105.2699966430664,-0.0071678029329456106
2019-02-08,105.66999816894533,0.0037997676321315232
2019-02-11,105.25,-0.0039746207648629905
2019-02-12,106.88999938964844,0.01558194194440321
2019-02-13,106.80999755859376,-0.000748450103017051
2019-02-14,106.9000015258789,0.0008426548950697388
2019-02-15,108.22000122070312,0.012347985743523804
2019-02-19,108.16999816894533,-0.00046205000179055933
2019-02-20,107.1500015258789,-0.009429570678861743
2019-02-21,109.41000366210938,0.021091946841313325
2019-02-22,110.97000122070312,0.014258271697088043
2019-02-25,111.58999633789062,0.005587051548773259
2019-02-26,112.36000061035156,0.006900298393499371
2019-02-27,112.16999816894533,-0.0016910149552699094
2019-02-28,112.02999877929688,-0.0012481001331353658
2019-03-01,112.52999877929688,0.004463090292315508
2019-03-04,112.26000213623048,-0.002399330365193797
2019-03-05,111.6999969482422,-0.00498846585900381
2019-03-06,111.75,0.0004476549071077418
2019-03-07,110.38999938964844,-0.012170027833123598
2019-03-08,110.51000213623048,0.0010870798735895804
2019-03-11,112.83000183105467,0.02099357207471786
2019-03-12,113.62000274658205,0.007001691949897193
2019-03-13,114.5,0.007745090935974641
2019-03-14,114.58999633789062,0.000785994217385344
2019-03-15,115.91000366210938,0.011519394069325672
2019-03-18,117.56999969482422,0.01432142162253669
2019-03-19,117.6500015258789,0.0006804612678603661
2019-03-20,117.5199966430664,-0.0011050138642276774
2019-03-21,120.22000122070312,0.022974852406073554
2019-03-22,117.0500030517578,-0.026368309239373278
2019-03-25,117.66000366210938,0.0052114531776803474
2019-03-26,117.91000366210938,0.0021247662095773556
2019-03-27,116.7699966430664,-0.009668450374319737
2019-03-28,116.93000030517578,0.0013702463535942844
2019-03-29,117.94000244140624,0.008637664701910852
2019-04-01,119.0199966430664,0.009157149222518646
2019-04-02,119.19000244140624,0.0014283801305225996
2019-04-03,119.97000122070312,0.006544162793186814
2019-04-04,119.36000061035156,-0.005084609520253136
2019-04-05,119.88999938964844,0.004440338275693012
2019-04-08,119.93000030517578,0.00033364680733161123
2019-04-09,119.27999877929688,-0.005419840942423981
2019-04-10,120.19000244140624,0.007629138761085397
2019-04-11,120.33000183105467,0.0011648172627061193
2019-04-12,120.9499969482422,0.005152456642176562
2019-04-15,121.0500030517578,0.0008268384128888862
2019-04-16,120.7699966430664,-0.0023131466471063566
2019-04-17,121.7699966430664,0.008280202267086922
2019-04-18,123.37000274658205,0.01313957582018821
2019-04-22,123.76000213623048,0.0031612173216009065
2019-04-23,125.44000244140624,0.01357466286503839
2019-04-24,125.01000213623048,-0.003427936039594792
2019-04-25,129.14999389648438,0.03311728413333115
2019-04-26,129.88999938964844,0.0057298143874260354
2019-04-29,129.77000427246094,-0.0009238210620629017
2019-04-30,130.60000610351562,0.006395945162427807
2019-05-01,127.87999725341795,-0.02082701931837394
2019-05-02,126.20999908447266,-0.013059103884995316
2019-05-03,128.89999389648438,0.02131364259190982
2019-05-06,128.14999389648438,-0.005818464201032492
2019-05-07,125.5199966430664,-0.020522804359572544
2019-05-08,125.51000213623048,-7.962481758461148e-05
2019-05-09,125.5,-7.969194534496182e-05
2019-05-10,127.12999725341795,0.012988025923649005
2019-05-13,123.3499984741211,-0.02973333486165264
2019-05-14,124.7300033569336,0.01118771706431776
2019-05-15,126.0199966430664,0.010342285347666458
2019-05-16,128.92999267578125,0.02309154189994933
2019-05-17,128.07000732421875,-0.006670172965301369
2019-05-20,126.22000122070312,-0.014445272098971618
2019-05-21,126.9000015258789,0.005387421158289829
2019-05-22,127.66999816894533,0.006067743371219736
2019-05-23,126.18000030517578,-0.011670696993336227
2019-05-24,126.23999786376952,0.00047549182476336327
2019-05-28,126.16000366210938,-0.0006336676411106135
2019-05-29,124.94000244140624,-0.009670269382447305
2019-05-30,125.7300033569336,0.006323042261007217
2019-05-31,123.68000030517578,-0.01630480392128897
2019-06-03,119.83999633789062,-0.03104789745965464
2019-06-04,123.16000366210938,0.02770366676963132
2019-06-05,125.83000183105467,0.02167910108439486
2019-06-06,127.81999969482422,0.0158149712692639
2019-06-07,131.39999389648438,0.02800809114541969
2019-06-10,132.60000610351562,0.00913251341530974
2019-06-11,132.10000610351562,-0.0037707388912914253
2019-06-12,131.49000549316406,-0.004617718260160886
2019-06-13,132.32000732421875,0.006312280754280142
2019-06-14,132.4499969482422,0.0009823882771176073
2019-06-17,132.85000610351562,0.003020076742091149
2019-06-18,135.16000366210938,0.01738801243858301
2019-06-19,135.69000244140625,0.003921269346972123
2019-06-20,136.9499969482422,0.009285831558445423
2019-06-21,136.97000122070312,0.00014606990074272908
2019-06-24,137.77999877929688,0.005913685853653261
2019-06-25,133.42999267578125,-0.031572115996921224
2019-06-26,133.92999267578125,0.0037472834253611254
2019-06-27,134.14999389648438,0.0016426583493938107
2019-06-28,133.9600067138672,-0.0014162295285961024
2019-07-01,135.67999267578125,0.012839548191333483
2019-07-02,136.5800018310547,0.006633322552014542
2019-07-03,137.4600067138672,0.0064431459292337845
2019-07-05,137.05999755859375,-0.0029100038973960407
2019-07-08,136.9600067138672,-0.0007295406866165699
2019-07-09,136.4600067138672,-0.0036507007556197957
2019-07-10,137.85000610351562,0.010186130157262996
2019-07-11,138.39999389648438,0.003989755303715814
2019-07-12,138.89999389648438,0.0036127169223285627
2019-07-15,138.89999389648438,0.0
2019-07-16,137.0800018310547,-0.013102895215287402
2019-07-17,136.27000427246094,-0.00590894038352896
2019-07-18,136.4199981689453,0.0011007110279712684
2019-07-19,136.6199951171875,0.0014660383442792746
2019-07-22,138.42999267578125,0.013248408895353947
2019-07-23,139.2899932861328,0.00621253092431906
2019-07-24,140.72000122070312,0.010266408238190916
2019-07-25,140.19000244140625,-0.0037663358065612718
2019-07-26,141.33999633789062,0.00820310918365963
2019-07-29,141.02999877929688,-0.0021932755527506176
2019-07-30,140.35000610351562,-0.004821617256378197
2019-07-31,136.27000427246094,-0.029070193470782435
2019-08-01,138.05999755859375,0.013135636824035402
2019-08-02,136.89999389648438,-0.008402170669437159
2019-08-05,132.2100067138672,-0.034258490808724784
2019-08-06,134.69000244140625,0.018758003188868555
2019-08-07,135.27999877929688,0.0043804018649957754
2019-08-08,138.88999938964844,0.02668539801098846
2019-08-09,137.7100067138672,-0.008495879335925771
2019-08-12,135.7899932861328,-0.013942439431607667
2019-08-13,138.60000610351562,0.020693813655779714
2019-08-14,133.97999572753906,-0.03333340672817886
2019-08-15,133.67999267578125,-0.002239163019290613
2019-08-16,136.1300048828125,0.018327441212338647
2019-08-19,138.41000366210938,0.016748686531375734
2019-08-20,137.25999450683594,-0.00830871414526424
2019-08-21,138.7899932861328,0.011146720388515607
2019-08-22,137.77999877929688,-0.007277142126188463
2019-08-23,133.38999938964844,-0.031862385168696106
2019-08-26,135.4499969482422,0.01544341830736684
2019-08-27,135.74000549316406,0.0021410745770094053
2019-08-28,135.55999755859375,-0.0013261229356541504
2019-08-29,138.1199951171875,0.018884609063873903
2019-08-30,137.86000061035156,-0.001882381378708775
2019-09-03,136.0399932861328,-0.013201851995945035
2019-09-04,137.6300048828125,0.011687824721774431
2019-09-05,140.0500030517578,0.01758336178950115
2019-09-06,139.10000610351562,-0.006783269743243725
2019-09-09,137.52000427246094,-0.011358747388399704
2019-09-10,136.0800018310547,-0.010471221616262127
2019-09-11,136.1199951171875,0.00029389539678614796
2019-09-12,137.52000427246094,0.010285110237244321
2019-09-13,137.32000732421875,-0.0014543116785100674
2019-09-16,136.3300018310547,-0.007209477427616351
2019-09-17,137.38999938964844,0.007775233216143818
2019-09-18,138.52000427246094,0.008224797203817635
2019-09-19,141.07000732421875,0.01840891548589685
2019-09-20,139.44000244140625,-0.011554581400611164
2019-09-23,139.13999938964844,-0.0021514848429802225
2019-09-24,137.3800048828125,-0.012649090948370967
2019-09-25,139.36000061035156,0.014412546638268298
2019-09-26,139.5399932861328,0.0012915662671708628
2019-09-27,137.72999572753906,-0.012971174184323475
2019-09-30,139.02999877929688,0.009438779438645462
2019-10-01,137.07000732421875,-0.014097615423197318
2019-10-02,134.64999389648438,-0.01765530968427098
2019-10-03,136.27999877929688,0.012105495408084588
2019-10-04,138.1199951171875,0.013501587572439577
2019-10-07,137.1199951171875,-0.007240081344859206
2019-10-08,135.6699981689453,-0.010574657233636597
2019-10-09,138.24000549316406,0.018943077754142834
2019-10-10,139.10000610351562,0.006221068982770639
2019-10-11,139.67999267578125,0.004169565397675212
2019-10-14,139.5500030517578,-0.0009306245048649187
2019-10-15,141.57000732421875,0.014475128830428785
2019-10-16,140.41000366210938,-0.008193851819565001
2019-10-17,139.69000244140625,-0.005127848457548434
2019-10-18,137.41000366210938,-0.01632184651334112
2019-10-21,138.42999267578125,0.007422960384893207
2019-10-22,136.3699951171875,-0.014881150527967568
2019-10-23,137.24000549316406,0.006379778595936303
2019-10-24,139.94000244140625,0.019673541534335426
2019-10-25,140.72999572753906,0.005645228471848673
2019-10-28,144.19000244140625,0.024586135286793764
2019-10-29,142.8300018310547,-0.009432003518442422
2019-10-30,144.61000061035156,0.012462359143580626
2019-10-31,143.3699951171875,-0.0085748253089718
2019-11-01,143.72000122070312,0.0024412786178136248
2019-11-04,144.5500030517578,0.005775130976934051
2019-11-05,144.4600067138672,-0.0006225965824324664
2019-11-06,144.05999755859375,-0.0027689958236380985
2019-11-07,144.25999450683594,0.0013882892658028112
2019-11-08,145.9600067138672,0.011784363453241964
2019-11-11,146.11000061035156,0.0010276369524866436
2019-11-12,147.07000732421875,0.006570438093606912
2019-11-13,147.30999755859375,0.0016318094949565598
2019-11-14,148.05999755859375,0.005091304137057495
2019-11-15,149.97000122070312,0.012900200551154928
2019-11-18,150.33999633789062,0.002467127520009882
2019-11-19,150.38999938964844,0.000332599793639865
2019-11-20,149.6199951171875,-0.005120049707998953
2019-11-21,149.47999572753906,-0.0009356997341083417
2019-11-22,149.58999633789062,0.0007358885034494111
2019-11-25,151.22999572753906,0.010963295874037104
2019-11-26,152.02999877929688,0.005289976025649956
2019-11-27,152.32000732421875,0.001907574473791085
2019-11-29,151.3800048828125,-0.006171234218794508
2019-12-02,149.5500030517578,-0.012088794900431798
2019-12-03,149.30999755859375,-0.0016048511418685907
2019-12-04,149.85000610351562,0.0036166938165675955
2019-12-05,149.92999267578125,0.0005337775709557402
2019-12-06,151.75,0.012139047643085377
2019-12-09,151.36000061035156,-0.002570012452378534
2019-12-10,151.1300048828125,-0.0015195277920957428
2019-12-11,151.6999969482422,0.003771534751630945
2019-12-12,153.24000549316406,0.010151671561650089
2019-12-13,154.52999877929688,0.008418123465744554
2019-12-16,155.52999877929688,0.006471235409949205
2019-12-17,154.69000244140625,-0.005400863785015586
2019-12-18,154.3699951171875,-0.002068700750974317
2019-12-19,155.7100067138672,0.008680518488469513
2019-12-20,157.41000366210938,0.010917711610957115
2019-12-23,157.41000366210938,0.0
2019-12-24,157.3800048828125,-0.00019057733688432332
2019-12-26,158.6699981689453,0.008196678396937163
2019-12-27,158.9600067138672,0.0018277465700420326
2019-12-30,157.58999633789062,-0.008618585292605174
2019-12-31,157.6999969482422,0.0006980177226205697
2020-01-02,160.6199951171875,0.018516158690248252
2020-01-03,158.6199951171875,-0.012451749849331062
2020-01-06,159.02999877929688,0.0025848170138100812
2020-01-07,157.5800018310547,-0.009117757400316062
2020-01-08,160.08999633789062,0.0159283822672307
2020-01-09,162.08999633789062,0.012492972988635387
2020-01-10,161.33999633789062,-0.004627059145812851
2020-01-13,163.27999877929688,0.01202431192165987
2020-01-14,162.1300048828125,-0.007043078791535318
2020-01-15,163.17999267578125,0.006476208976417874
2020-01-16,166.1699981689453,0.018323358422406733
2020-01-17,167.10000610351562,0.005596725912127454
2020-01-21,166.5,-0.0035907006678619346
2020-01-22,165.6999969482422,-0.00480482313368058
2020-01-23,166.72000122070312,0.00615572897553851
2020-01-24,165.0399932861328,-0.010076822950272901
2020-01-27,162.27999877929688,-0.016723186010138114
2020-01-28,165.4600067138672,0.019595809455823066
2020-01-29,168.0399932861328,0.01559281075533403
2020-01-30,172.77999877929688,0.028207603442907514
2020-01-31,170.22999572753906,-0.014758670388782091
2020-02-03,174.3800048828125,0.0243788360420083
2020-02-04,180.1199951171875,0.03291656195463699
2020-02-05,179.89999389648438,-0.001221414760532169
2020-02-06,183.6300048828125,0.0207338027397288
2020-02-07,183.88999938964844,0.0014158606977212607
2020-02-10,188.6999969482422,0.026156928460267848
2020-02-11,184.44000244140625,-0.022575487947699258
2020-02-12,184.7100067138672,0.0014639138412868569
2020-02-13,183.7100067138672,-0.005413891850207575
2020-02-14,185.3500061035156,0.008927109736611927
2020-02-18,187.22999572753903,0.010142916439794813
2020-02-19,187.27999877929688,0.00026706752603145034
2020-02-20,184.4199981689453,-0.015271254960450786
2020-02-21,178.58999633789062,-0.03161263360231614
2020-02-24,170.88999938964844,-0.04311549978238349
2020-02-25,168.07000732421875,-0.016501796919080047
2020-02-26,170.1699981689453,0.012494738818423112
2020-02-27,158.17999267578125,-0.0704589858504926
2020-02-28,162.00999450683594,0.024212934684508358
2020-03-02,172.7899932861328,0.06653909724589258
2020-03-03,164.50999450683594,-0.047919434579672404
2020-03-04,170.5500030517578,0.03671514647501195
2020-03-05,166.27000427246094,-0.025095272370050936
2020-03-06,161.57000732421875,-0.02826725703657562
2020-03-09,150.6199951171875,-0.06777255499566892
2020-03-10,160.9199981689453,0.06838403522549608
2020-03-11,153.6300048828125,-0.04530197221652499
2020-03-12,139.05999755859375,-0.09483829239823705
2020-03-13,158.8300018310547,0.14216888119914373
2020-03-16,135.4199981689453,-0.1473903128642552
2020-03-17,146.57000732421875,0.08233650351525679
2020-03-18,140.39999389648438,-0.042096016370430145
2020-03-19,142.7100067138672,0.016453083460145734
2020-03-20,137.35000610351562,-0.03755868795590722
2020-03-23,135.97999572753906,-0.009974592756435974
2020-03-24,148.33999633789062,0.09089572730328
2020-03-25,146.9199981689453,-0.009572591371182382
2020-03-26,156.11000061035156,0.06255106558630996
2020-03-27,149.6999969482422,-0.04106081376624071
2020-03-30,160.22999572753906,0.0703406746423485
2020-03-31,157.7100067138672,-0.015727323727555698
2020-04-01,152.11000061035156,-0.03550824846311562
2020-04-02,155.25999450683594,0.020708657444249656
2020-04-03,153.8300018310547,-0.00921030997278749
2020-04-06,165.27000427246094,0.07436782360550409
2020-04-07,163.49000549316406,-0.010770247070136185
2020-04-08,165.1300048828125,0.010031190498167808
2020-04-09,165.13999938964844,6.052508048459693e-05
2020-04-13,165.50999450683594,0.002240493633008267
2020-04-14,173.6999969482422,0.04948343129253141
2020-04-15,171.8800048828125,-0.010477789852650354
2020-04-16,177.0399932861328,0.030020876522771633
2020-04-17,178.60000610351562,0.008811640739623705
2020-04-20,175.05999755859375,-0.019820875833957752
2020-04-21,167.82000732421875,-0.04135719373554614
2020-04-22,173.52000427246094,0.033964942792727326
2020-04-23,171.4199981689453,-0.012102386190690706
2020-04-24,174.5500030517578,0.01825927497518509
2020-04-27,174.0500030517578,-0.0028645086866697644
2020-04-28,169.80999755859375,-0.024360846991213214
2020-04-29,177.42999267578125,0.04487365424146006
2020-04-30,179.2100067138672,0.010032204878340778
2020-05-01,174.57000732421875,-0.025891407933803734
2020-05-04,178.83999633789062,0.02446003800493335
2020-05-05,180.759994506836,0.010735843258002697
2020-05-06,182.5399932861328,0.009847304898150444
2020-05-07,183.6000061035156,0.005807016853129898
2020-05-08,184.67999267578125,0.005882279609820573
2020-05-11,186.7400054931641,0.0111544991286594
2020-05-12,182.509994506836,-0.022651873524138555
2020-05-13,179.75,-0.01512242940061359
2020-05-14,180.52999877929688,0.004339353431415116
2020-05-15,183.16000366210932,0.01456824295461101
2020-05-18,184.91000366210932,0.009554487688416824
2020-05-19,183.6300048828125,-0.006922279779063678
2020-05-20,185.66000366210932,0.011054831592431258
2020-05-21,183.42999267578125,-0.01201126221233173
2020-05-22,183.509994506836,0.00043614367469424487
2020-05-26,181.57000732421875,-0.01057156144454563
2020-05-27,181.8099975585937,0.0013217504251481493
2020-05-28,181.3999938964844,-0.0022551216523566397
2020-05-29,183.25,0.010198490439703667
2020-06-01,182.8300018310547,-0.002291940894653788
2020-06-02,184.91000366210932,0.011376698628361215
2020-06-03,185.3600006103516,0.0024335998016882243
2020-06-04,182.9199981689453,-0.013163586714349695
2020-06-05,187.1999969482422,0.023398200427182658
2020-06-08,188.3600006103516,0.006196600860149282
2020-06-09,189.8000030517578,0.007644948167021104
2020-06-10,196.83999633789065,0.03709163947807248
2020-06-11,186.2700042724609,-0.05369839596666903
2020-06-12,187.7400054931641,0.007891776383668114
2020-06-15,188.94000244140625,0.0063918020300999245
2020-06-16,193.57000732421875,0.024505159431488677
2020-06-17,194.2400054931641,0.003461270566690322
2020-06-18,196.32000732421875,0.010708411100862847
2020-06-19,195.1499938964844,-0.005959725876548583
2020-06-22,200.57000732421875,0.027773577234182945
2020-06-23,201.91000366210932,0.006680940763613252
2020-06-24,197.83999633789065,-0.020157531823087438
2020-06-25,200.33999633789065,0.012636474152224686
2020-06-26,196.3300018310547,-0.020015945792834944
2020-06-29,198.44000244140625,0.010747214336437771
2020-06-30,203.509994506836,0.025549244119399628
2020-07-01,204.6999969482422,0.005847390661524621
2020-07-02,206.259994506836,0.007620896833663515
2020-07-06,210.6999969482422,0.021526241441158556
2020-07-07,208.25,-0.011627892661261074
2020-07-08,212.8300018310547,0.02199280591142716
2020-07-09,214.32000732421875,0.00700091848115858
2020-07-10,213.6699981689453,-0.003032890691768819
2020-07-13,207.07000732421875,-0.030888711102566968
2020-07-14,208.3500061035156,0.006181478408375574
2020-07-15,208.0399932861328,-0.0014879424444497191
2020-07-16,203.9199981689453,-0.019803861037050563
2020-07-17,202.8800048828125,-0.005100006352840358
2020-07-20,211.6000061035156,0.04298107753763092
2020-07-21,208.75,-0.013468837529812538
2020-07-22,211.75,0.014371257485029876
2020-07-23,202.5399932861328,-0.04349471883762546
2020-07-24,201.3000030517578,-0.006122199444448695
2020-07-27,203.8500061035156,0.012667675176845972
2020-07-28,202.0200042724609,-0.008977197823214267
2020-07-29,204.0599975585937,0.010097976650774942
2020-07-30,203.8999938964844,-0.0007841010684288552
2020-07-31,205.009994506836,0.005443848178412036
2020-08-03,216.5399932861328,0.056241154520456194
2020-08-04,213.2899932861328,-0.015008774825745475
2020-08-05,212.94000244140625,-0.0016409154472476484
2020-08-06,216.3500061035156,0.01601391764352811
2020-08-07,212.47999572753903,-0.017887729451345202
2020-08-10,208.25,-0.01990773631680187
2020-08-11,203.3800048828125,-0.023385330694777884
2020-08-12,209.19000244140625,0.028567201392002417
2020-08-13,208.6999969482422,-0.0023423944139076003
2020-08-14,208.8999938964844,0.0009582987597829273
2020-08-17,210.27999877929688,0.0066060551609987694
2020-08-18,211.4900054931641,0.005754264413598387
2020-08-19,209.6999969482422,-0.008463797335235168
2020-08-20,214.5800018310547,0.0232713636329569
2020-08-21,213.0200042724609,-0.0072700044052661505
2020-08-24,213.69000244140625,0.0031452359191974644
2020-08-25,216.47000122070312,0.013009493881489087
2020-08-26,221.1499938964844,0.02161959000965563
2020-08-27,226.5800018310547,0.024553507051471746
2020-08-28,228.91000366210932,0.010283351629557957
2020-08-31,225.52999877929688,-0.014765649507400336
2020-09-01,227.2700042724609,0.007715184244144746
2020-09-02,231.6499938964844,0.019272185249631812
2020-09-03,217.3000030517578,-0.061946864765034526
2020-09-04,214.25,-0.01403590892279627
2020-09-08,202.66000366210932,-0.0540956655210767
2020-09-09,211.2899932861328,0.04258358565122733
2020-09-10,205.3699951171875,-0.028018355611040935
2020-09-11,204.02999877929688,-0.006524791204898239
2020-09-14,205.41000366210932,0.0067637351912412935
2020-09-15,208.77999877929688,0.016406187902761715
2020-09-16,205.0500030517578,-0.01786567558840768
2020-09-17,202.91000366210932,-0.010436475775659093
2020-09-18,200.38999938964844,-0.012419320028485448
2020-09-21,202.5399932861328,0.010729047871814279
2020-09-22,207.4199981689453,0.02409403102881713
2020-09-23,200.58999633789065,-0.03292836703957336
2020-09-24,203.19000244140625,0.012961793464196125
2020-09-25,207.82000732421875,0.022786578213402242
2020-09-28,209.44000244140625,0.007795183620892487
2020-09-29,207.259994506836,-0.010408746701481508
2020-09-30,210.3300018310547,0.014812348767660799
2020-10-01,212.4600067138672,0.010126966501542656
2020-10-02,206.19000244140625,-0.029511456623952492
2020-10-05,210.3800048828125,0.020321074697096098
2020-10-06,205.91000366210932,-0.021247272159695463
2020-10-07,209.8300018310547,0.01903743431221505
2020-10-08,210.5800018310547,0.003574322039056499
2020-10-09,215.8099975585937,0.024836146272498194
2020-10-12,221.3999938964844,0.02590239748449563
2020-10-13,222.8600006103516,0.006594429783723488
2020-10-14,220.8600006103516,-0.008974243895371825
2020-10-15,219.66000366210932,-0.005433292334175777
2020-10-16,219.66000366210932,0.0
2020-10-19,214.22000122070312,-0.024765557455667886
2020-10-20,214.6499938964844,0.002007248031607789
2020-10-21,214.8000030517578,0.0006988546915391858
2020-10-22,214.88999938964844,0.0004189773585288048
2020-10-23,216.22999572753903,0.006235731498425157
2020-10-26,210.0800018310547,-0.028441909161546985
2020-10-27,213.25,0.015089480870695171
2020-10-28,202.67999267578125,-0.04956627115694612
2020-10-29,204.72000122070312,0.010065169817650377
2020-10-30,202.47000122070312,-0.01099062127092476
2020-11-02,202.3300018310547,-0.0006914574445813226
2020-11-03,206.42999267578125,0.02026387983799882
2020-11-04,216.38999938964844,0.04824883528194657
2020-11-05,223.2899932861328,0.03188684281134324
2020-11-06,223.72000122070312,0.0019257823794158746
2020-11-09,218.38999938964844,-0.023824431440962468
2020-11-10,211.009994506836,-0.03379277853124185
2020-11-11,216.5500030517578,0.026254721051814256
2020-11-12,215.44000244140625,-0.005125839735436344
2020-11-13,216.509994506836,0.004966543136392554
2020-11-16,217.22999572753903,0.0033254872244723455
2020-11-17,214.4600067138672,-0.012751411260653489
2020-11-18,211.0800018310547,-0.015760537055853563
2020-11-19,212.4199981689453,0.006348286556123517
2020-11-20,210.38999938964844,-0.009556533268032297
2020-11-23,210.1100006103516,-0.0013308559347361415
2020-11-24,213.8600006103516,0.017847793960813707
2020-11-25,213.8699951171875,4.6733876402305086e-05
2020-11-27,215.22999572753903,0.006359006131768652
2020-11-30,214.07000732421875,-0.00538952946311777
2020-12-01,216.2100067138672,0.009996726848368498
2020-12-02,215.3699951171875,-0.003885165212502706
2020-12-03,214.2400054931641,-0.005246736544747388
2020-12-04,214.3600006103516,0.0005600966864769408
2020-12-07,214.2899932861328,-0.0003265876283795599
2020-12-08,216.009994506836,0.008026512084521542
2020-12-09,211.8000030517578,-0.019489799371042338
2020-12-10,210.5200042724609,-0.006043431354361695
2020-12-11,213.259994506836,0.013015343809460012
2020-12-14,214.1999969482422,0.004407776730839474
2020-12-15,214.1300048828125,-0.0003267603474644831
2020-12-16,219.27999877929688,0.024050781203236005
2020-12-17,219.4199981689453,0.0006384503394190055
2020-12-18,218.58999633789065,-0.003782708221588771
2020-12-21,222.58999633789065,0.018299099075956393
2020-12-22,223.94000244140625,0.0060649900073059815
2020-12-23,221.0200042724609,-0.013039198611732417
2020-12-24,222.75,0.007827326459583395
2020-12-28,224.9600067138672,0.009921466728921136
2020-12-29,224.1499938964844,-0.003600696982611007
2020-12-30,221.67999267578125,-0.011019412393309391
2020-12-31,222.4199981689453,0.003338169963972959
2021-01-04,217.69000244140625,-0.0212660541609494
2021-01-05,217.8999938964844,0.0009646352736600861
2021-01-06,212.25,-0.025929298094283015
2021-01-07,218.2899932861328,0.028456976613111085
2021-01-08,219.6199951171875,0.006092820889463946
2021-01-11,217.4900054931641,-0.009698523228209965
2021-01-12,214.92999267578125,-0.01177071475803193
2021-01-13,216.33999633789065,0.00656029270068581
2021-01-14,213.0200042724609,-0.015346177875700917
2021-01-15,212.6499938964844,-0.0017369747843176686
2021-01-19,216.44000244140625,0.017822754073375524
2021-01-20,224.33999633789065,0.03649969417563215
2021-01-21,224.97000122070312,0.002808259307732097
2021-01-22,225.9499969482422,0.004356117358854661
2021-01-25,229.52999877929688,0.015844221639333522
2021-01-26,232.3300018310547,0.012198854470653053
2021-01-27,232.8999938964844,0.00245337262057177
2021-01-28,238.92999267578125,0.02589093575492729
2021-01-29,231.9600067138672,-0.02917166607614663
2021-02-01,239.6499938964844,0.03315221141592373
2021-02-02,239.509994506836,-0.0005841827382181419
2021-02-03,243.0,0.014571439911516437
2021-02-04,242.009994506836,-0.004074096679687278
2021-02-05,242.1999969482422,0.0007851016310023162
2021-02-08,242.47000122070312,0.0011147988268498388
2021-02-09,243.7700042724609,0.005361500578269451
2021-02-10,242.82000732421875,-0.003897103546752878
2021-02-11,244.4900054931641,0.006877514696371545
2021-02-12,244.9900054931641,0.0020450733721872894
2021-02-16,243.6999969482422,-0.005265555802266841
2021-02-17,244.1999969482422,0.002051702939110722
2021-02-18,243.7899932861328,-0.0016789666962865324
2021-02-19,240.97000122070312,-0.011567300312117057
2021-02-22,234.509994506836,-0.02680834411396482
2021-02-23,233.2700042724609,-0.0052875794781486185
2021-02-24,234.5500030517578,0.005487198336061594
2021-02-25,228.9900054931641,-0.023704956240681918
2021-02-26,232.3800048828125,0.01480413689823501
2021-03-01,236.94000244140625,0.01962302032351415
2021-03-02,233.8699951171875,-0.012956897495508102
2021-03-03,227.5599975585937,-0.026980791424021655
2021-03-04,226.72999572753903,-0.0036473977850212114
2021-03-05,231.6000061035156,0.02147933871894403
2021-03-08,227.38999938964844,-0.0181779214288339
2021-03-09,233.77999877929688,0.02810149701746001
2021-03-10,232.4199981689453,-0.005817437836653783
2021-03-11,237.1300048828125,0.020265066478674987
2021-03-12,235.75,-0.005819613099972254
2021-03-15,234.8099975585937,-0.0039872850112674385
2021-03-16,237.7100067138672,0.012350450089118725
2021-03-17,237.0399932861328,-0.0028186168390499367
2021-03-18,230.72000122070312,-0.026662134004538096
2021-03-19,230.3500061035156,-0.0016036542789092945
2021-03-22,235.9900054931641,0.024484476840491043
2021-03-23,237.5800018310547,0.006737557951099982
2021-03-24,235.4600067138672,-0.008923289421872482
2021-03-25,232.33999633789065,-0.013250701974913293
2021-03-26,236.47999572753903,0.017818711607568538
2021-03-29,235.2400054931641,-0.005243531194087159
2021-03-30,231.8500061035156,-0.01441081155623003
2021-03-31,235.7700042724609,0.01690747494393041
2021-04-01,242.3500061035156,0.027908562208153853
2021-04-05,249.07000732421875,0.027728496189238117
2021-04-06,247.8600006103516,-0.004858098840829439
2021-04-07,249.8999938964844,0.008230425567293365
2021-04-08,253.25,0.013405386896100824
2021-04-09,255.8500061035156,0.010266559145175158
2021-04-12,255.91000366210932,0.0002345028616863587
2021-04-13,258.489990234375,0.010081616722072972
2021-04-14,255.58999633789065,-0.011218979481003921
2021-04-15,259.5,0.015297952651246671
2021-04-16,260.739990234375,0.004778382406069426
2021-04-19,258.739990234375,-0.007670476623866662
2021-04-20,258.260009765625,-0.0018550687441675207
2021-04-21,260.5799865722656,0.008983105083694598
2021-04-22,257.1700134277344,-0.013086089954132296
2021-04-23,261.1499938964844,0.01547606742987706
2021-04-26,261.54998779296875,0.0015316634341677737
2021-04-27,261.9700012207031,0.001605862922336776
2021-04-28,254.5599975585937,-0.02828569541390613
2021-04-29,252.509994506836,-0.008053123316383748
2021-04-30,252.17999267578125,-0.0013068862153328142
2021-05-03,251.8600006103516,-0.0012689034607160643
2021-05-04,247.7899932861328,-0.016159800342871455
2021-05-05,246.47000122070312,-0.005327059611747287
2021-05-06,249.72999572753903,0.013226739524850872
2021-05-07,252.4600067138672,0.010931850530709442
2021-05-10,247.17999267578125,-0.020914259279372516
2021-05-11,246.22999572753903,-0.003843340789674299
2021-05-12,239.0,-0.02936277404455323
2021-05-13,243.02999877929688,0.01686191957864791
2021-05-14,248.1499938964844,0.02106733795376914
2021-05-17,245.17999267578125,-0.011968572612345407
2021-05-18,243.0800018310547,-0.008565098733417154
2021-05-19,243.1199951171875,0.00016452725782278854
2021-05-20,246.47999572753903,0.013820338424784806
2021-05-21,245.1699981689453,-0.005314823033516269
2021-05-24,250.77999877929688,0.0228820844811759
2021-05-25,251.72000122070312,0.0037483150409993726
2021-05-26,251.4900054931641,-0.0009136966725873386
2021-05-27,249.3099975585937,-0.00866836807409288
2021-05-28,249.67999267578125,0.0014840765344783513
